,DGUID,Buddhist_total,Buddhist_men,Buddhist_women,Christian_total,Christian_men,Christian_women,Hindu_total,Hindu_men,Hindu_women,Jewish_total,Jewish_men,Jewish_women,Muslim_total,Muslim_men,Muslim_women,No_religion_total,No_religion_men,No_religion_women,Other_religions_total,Other_religions_men,Other_religions_women,Sikh_total,Sikh_men,Sikh_women,Indigenous_spirituality_total,Indigenous_spirituality_men,Indigenous_spirituality_women
14,2021A00031001,370.0,190.0,185.0,211235.0,100830.0,110405.0,945.0,570.0,380.0,205.0,95.0,115.0,3385.0,1795.0,1590.0,50115.0,26490.0,23620.0,715.0,270.0,440.0,545.0,310.0,230.0,25.0,10.0,15.0
15,2021A00031002,0.0,0.0,0.0,17605.0,8635.0,8965.0,0.0,0.0,0.0,15.0,10.0,0.0,45.0,25.0,15.0,1430.0,800.0,630.0,15.0,0.0,0.0,0.0,0.0,0.0,0.0,0.0,0.0
16,2021A00031003,0.0,0.0,0.0,13035.0,6405.0,6630.0,0.0,0.0,0.0,0.0,0.0,0.0,0.0,0.0,0.0,780.0,390.0,385.0,0.0,0.0,0.0,0.0,0.0,0.0,0.0,10.0,0.0
17,2021A00031004,0.0,0.0,0.0,16490.0,8015.0,8475.0,10.0,0.0,0.0,0.0,0.0,0.0,65.0,15.0,45.0,2255.0,1240.0,1015.0,25.0,20.0,10.0,0.0,0.0,0.0,0.0,0.0,0.0
18,2021A00031005,30.0,0.0,25.0,32900.0,15630.0,17270.0,60.0,30.0,25.0,15.0,10.0,0.0,90.0,55.0,35.0,6275.0,3430.0,2850.0,55.0,20.0,35.0,85.0,70.0,20.0,25.0,10.0,15.0
19,2021A00031006,50.0,30.0,20.0,30370.0,14430.0,15935.0,25.0,25.0,0.0,0.0,0.0,0.0,145.0,65.0,80.0,5850.0,3160.0,2680.0,50.0,25.0,25.0,105.0,50.0,50.0,0.0,0.0,0.0
20,2021A00031007,0.0,0.0,0.0,28525.0,13935.0,14585.0,30.0,10.0,20.0,0.0,0.0,0.0,50.0,25.0,25.0,3865.0,2040.0,1830.0,10.0,10.0,0.0,20.0,15.0,0.0,0.0,0.0,0.0
21,2021A00031008,0.0,0.0,0.0,29255.0,14360.0,14895.0,0.0,0.0,0.0,0.0,0.0,0.0,0.0,0.0,0.0,4120.0,2235.0,1880.0,20.0,0.0,10.0,0.0,0.0,0.0,10.0,10.0,0.0
22,2021A00031009,25.0,10.0,15.0,13215.0,6460.0,6760.0,0.0,0.0,0.0,0.0,0.0,0.0,75.0,30.0,50.0,1155.0,650.0,510.0,0.0,0.0,0.0,0.0,0.0,0.0,0.0,0.0,0.0
23,2021A00031010,0.0,0.0,0.0,19140.0,9380.0,9755.0,120.0,70.0,55.0,0.0,0.0,0.0,140.0,70.0,65.0,4340.0,2435.0,1905.0,35.0,10.0,25.0,70.0,35.0,30.0,30.0,10.0,15.0
24,2021A00031011,0.0,0.0,0.0,2150.0,1065.0,1080.0,0.0,0.0,0.0,0.0,0.0,0.0,0.0,0.0,0.0,160.0,90.0,65.0,0.0,0.0,0.0,0.0,0.0,0.0,10.0,0.0,10.0
25,2021A00031101,125.0,25.0,100.0,13050.0,6295.0,6750.0,35.0,20.0,10.0,25.0,15.0,15.0,0.0,0.0,0.0,4145.0,2225.0,1920.0,90.0,30.0,60.0,30.0,10.0,15.0,0.0,0.0,0.0
26,2021A00031102,580.0,270.0,310.0,55270.0,25750.0,29520.0,1050.0,710.0,345.0,135.0,60.0,75.0,1535.0,885.0,650.0,27635.0,14320.0,13315.0,470.0,210.0,260.0,800.0,505.0,295.0,55.0,20.0,35.0
27,2021A00031103,45.0,20.0,25.0,33440.0,15880.0,17565.0,160.0,110.0,50.0,10.0,10.0,0.0,180.0,105.0,80.0,11050.0,5840.0,5205.0,205.0,50.0,155.0,340.0,170.0,170.0,20.0,10.0,10.0
28,2021A00031201,25.0,10.0,20.0,7765.0,3610.0,4150.0,15.0,0.0,15.0,10.0,10.0,0.0,0.0,0.0,0.0,5620.0,3005.0,2615.0,55.0,0.0,50.0,0.0,0.0,0.0,0.0,0.0,0.0
29,2021A00031202,20.0,10.0,10.0,15540.0,7205.0,8335.0,25.0,10.0,15.0,30.0,10.0,15.0,60.0,35.0,25.0,8685.0,4565.0,4115.0,145.0,75.0,70.0,15.0,0.0,10.0,15.0,0.0,10.0
30,2021A00031203,20.0,0.0,20.0,11195.0,5160.0,6035.0,0.0,0.0,0.0,10.0,0.0,0.0,40.0,25.0,15.0,5440.0,2930.0,2510.0,40.0,10.0,30.0,0.0,0.0,0.0,10.0,0.0,10.0
31,2021A00031204,20.0,10.0,10.0,5420.0,2515.0,2905.0,0.0,0.0,0.0,35.0,15.0,15.0,0.0,0.0,0.0,4770.0,2545.0,2235.0,60.0,30.0,25.0,0.0,0.0,0.0,35.0,0.0,35.0
32,2021A00031205,65.0,30.0,40.0,10940.0,5045.0,5890.0,0.0,0.0,0.0,10.0,0.0,0.0,0.0,0.0,0.0,9615.0,5075.0,4535.0,245.0,110.0,135.0,30.0,30.0,0.0,0.0,0.0,0.0
33,2021A00031206,100.0,35.0,70.0,27220.0,12695.0,14525.0,110.0,40.0,65.0,60.0,30.0,35.0,105.0,65.0,45.0,19775.0,10330.0,9450.0,350.0,130.0,215.0,45.0,15.0,25.0,10.0,0.0,0.0
34,2021A00031207,125.0,45.0,80.0,31755.0,14535.0,17220.0,120.0,90.0,30.0,45.0,10.0,35.0,160.0,85.0,75.0,28895.0,15030.0,13870.0,430.0,160.0,280.0,170.0,145.0,20.0,20.0,10.0,10.0
35,2021A00031208,30.0,25.0,10.0,24630.0,11455.0,13180.0,100.0,55.0,45.0,35.0,15.0,20.0,60.0,25.0,35.0,19400.0,10315.0,9085.0,255.0,90.0,160.0,45.0,25.0,15.0,170.0,70.0,100.0
36,2021A00031209,2195.0,1020.0,1175.0,231460.0,105570.0,125885.0,6840.0,3950.0,2895.0,1750.0,905.0,840.0,13220.0,7185.0,6035.0,173055.0,90290.0,82765.0,3315.0,1455.0,1860.0,3495.0,1905.0,1590.0,210.0,100.0,115.0
37,2021A00031210,45.0,25.0,25.0,27830.0,12615.0,15220.0,275.0,175.0,100.0,40.0,30.0,10.0,140.0,75.0,60.0,21615.0,11380.0,10235.0,345.0,115.0,230.0,185.0,70.0,115.0,95.0,45.0,50.0
38,2021A00031211,45.0,25.0,25.0,15975.0,7235.0,8745.0,60.0,45.0,20.0,25.0,15.0,10.0,85.0,55.0,30.0,13385.0,7050.0,6335.0,105.0,40.0,70.0,0.0,0.0,0.0,0.0,0.0,0.0
39,2021A00031212,55.0,20.0,35.0,27290.0,12620.0,14670.0,30.0,15.0,15.0,25.0,15.0,0.0,180.0,110.0,80.0,15060.0,7955.0,7105.0,200.0,100.0,100.0,40.0,15.0,20.0,35.0,25.0,15.0
40,2021A00031213,10.0,0.0,10.0,5510.0,2700.0,2810.0,0.0,0.0,0.0,0.0,0.0,0.0,0.0,0.0,0.0,1730.0,925.0,800.0,20.0,0.0,15.0,0.0,0.0,0.0,0.0,0.0,0.0
41,2021A00031214,55.0,25.0,30.0,14635.0,6970.0,7665.0,130.0,70.0,60.0,20.0,10.0,10.0,75.0,30.0,40.0,4695.0,2415.0,2275.0,75.0,40.0,35.0,100.0,65.0,35.0,50.0,15.0,35.0
42,2021A00031215,15.0,0.0,10.0,13545.0,6545.0,7000.0,30.0,10.0,20.0,10.0,0.0,10.0,105.0,55.0,50.0,3170.0,1710.0,1460.0,30.0,10.0,15.0,10.0,10.0,0.0,60.0,20.0,35.0
43,2021A00031216,0.0,0.0,0.0,7030.0,3400.0,3625.0,0.0,0.0,0.0,0.0,0.0,0.0,0.0,0.0,0.0,1700.0,870.0,830.0,45.0,15.0,30.0,0.0,0.0,0.0,15.0,10.0,0.0
44,2021A00031217,100.0,35.0,65.0,73005.0,33785.0,39220.0,705.0,430.0,280.0,95.0,50.0,50.0,455.0,275.0,180.0,20940.0,11215.0,9725.0,450.0,165.0,285.0,575.0,315.0,260.0,310.0,150.0,155.0
45,2021A00031218,25.0,0.0,20.0,5375.0,2595.0,2780.0,0.0,0.0,0.0,10.0,0.0,0.0,0.0,0.0,0.0,1845.0,975.0,870.0,25.0,10.0,15.0,0.0,0.0,0.0,40.0,20.0,20.0
46,2021A00031301,125.0,65.0,60.0,44140.0,19895.0,24240.0,660.0,440.0,220.0,150.0,65.0,85.0,2150.0,1160.0,995.0,26900.0,14330.0,12570.0,455.0,175.0,280.0,230.0,150.0,85.0,20.0,10.0,15.0
47,2021A00031302,25.0,20.0,0.0,15335.0,7040.0,8300.0,35.0,15.0,20.0,20.0,15.0,0.0,80.0,50.0,25.0,9895.0,5320.0,4575.0,130.0,50.0,75.0,35.0,20.0,20.0,0.0,0.0,0.0
48,2021A00031303,35.0,20.0,15.0,15170.0,7255.0,7915.0,25.0,20.0,0.0,15.0,15.0,10.0,35.0,20.0,15.0,12165.0,6735.0,5430.0,200.0,80.0,115.0,0.0,0.0,0.0,55.0,25.0,25.0
49,2021A00031304,0.0,0.0,0.0,6710.0,3140.0,3575.0,0.0,0.0,0.0,15.0,15.0,0.0,0.0,0.0,0.0,3900.0,2205.0,1695.0,70.0,10.0,60.0,0.0,0.0,0.0,0.0,0.0,0.0
50,2021A00031305,70.0,25.0,45.0,45260.0,21310.0,23950.0,35.0,15.0,20.0,150.0,105.0,45.0,190.0,110.0,85.0,24370.0,12850.0,11520.0,265.0,115.0,145.0,60.0,25.0,30.0,0.0,0.0,0.0
51,2021A00031306,55.0,35.0,20.0,17990.0,8165.0,9825.0,90.0,50.0,40.0,25.0,15.0,10.0,165.0,90.0,80.0,11760.0,6450.0,5305.0,140.0,55.0,90.0,110.0,60.0,50.0,0.0,0.0,0.0
52,2021A00031307,340.0,180.0,160.0,102160.0,47595.0,54565.0,1275.0,805.0,475.0,300.0,170.0,135.0,3405.0,1845.0,1565.0,50170.0,26515.0,23655.0,1000.0,430.0,575.0,850.0,425.0,425.0,20.0,10.0,10.0
53,2021A00031308,95.0,55.0,35.0,25945.0,12830.0,13115.0,10.0,10.0,0.0,0.0,0.0,0.0,10.0,10.0,0.0,4995.0,2710.0,2280.0,185.0,75.0,115.0,20.0,15.0,0.0,280.0,145.0,140.0
54,2021A00031309,30.0,10.0,20.0,34985.0,16795.0,18195.0,40.0,10.0,30.0,0.0,0.0,0.0,100.0,50.0,50.0,8440.0,4540.0,3900.0,120.0,35.0,80.0,45.0,20.0,25.0,210.0,105.0,105.0
55,2021A00031310,255.0,155.0,100.0,57185.0,26165.0,31025.0,885.0,450.0,435.0,215.0,105.0,110.0,2395.0,1225.0,1175.0,41580.0,22170.0,19410.0,900.0,350.0,550.0,190.0,80.0,105.0,170.0,80.0,90.0
56,2021A00031311,15.0,10.0,10.0,15650.0,7375.0,8270.0,145.0,85.0,65.0,30.0,15.0,15.0,90.0,55.0,35.0,9720.0,5155.0,4565.0,140.0,50.0,90.0,125.0,90.0,35.0,30.0,15.0,15.0
57,2021A00031312,10.0,0.0,0.0,13230.0,6185.0,7045.0,40.0,25.0,15.0,15.0,10.0,0.0,20.0,10.0,10.0,4475.0,2435.0,2035.0,105.0,45.0,60.0,20.0,10.0,15.0,80.0,30.0,50.0
58,2021A00031313,15.0,0.0,15.0,26935.0,13085.0,13855.0,15.0,10.0,10.0,10.0,0.0,10.0,260.0,185.0,80.0,3800.0,2085.0,1715.0,50.0,20.0,30.0,20.0,0.0,10.0,0.0,0.0,0.0
59,2021A00031314,15.0,10.0,0.0,24340.0,11795.0,12545.0,50.0,40.0,10.0,25.0,20.0,10.0,65.0,40.0,30.0,4785.0,2590.0,2200.0,130.0,45.0,90.0,40.0,30.0,10.0,125.0,60.0,60.0
60,2021A00031315,30.0,20.0,10.0,67610.0,33355.0,34250.0,35.0,15.0,15.0,25.0,15.0,15.0,205.0,135.0,70.0,8175.0,4370.0,3810.0,100.0,40.0,55.0,15.0,0.0,10.0,15.0,10.0,10.0
61,2021A00032401,0.0,0.0,0.0,10960.0,5300.0,5660.0,0.0,0.0,0.0,0.0,0.0,0.0,0.0,0.0,0.0,1460.0,765.0,695.0,35.0,10.0,20.0,0.0,0.0,0.0,0.0,0.0,0.0
62,2021A00032402,20.0,15.0,0.0,15395.0,7555.0,7840.0,0.0,0.0,0.0,0.0,0.0,0.0,20.0,15.0,0.0,1585.0,870.0,715.0,25.0,20.0,0.0,0.0,0.0,0.0,0.0,0.0,0.0
63,2021A00032403,0.0,0.0,0.0,14030.0,6925.0,7100.0,0.0,0.0,0.0,0.0,0.0,0.0,40.0,30.0,10.0,3010.0,1560.0,1445.0,15.0,0.0,10.0,0.0,0.0,0.0,0.0,0.0,0.0
64,2021A00032404,0.0,0.0,0.0,8835.0,4330.0,4505.0,0.0,0.0,0.0,0.0,0.0,0.0,45.0,25.0,20.0,1815.0,960.0,855.0,10.0,0.0,0.0,0.0,0.0,0.0,0.0,0.0,0.0
65,2021A00032405,10.0,0.0,10.0,14065.0,6800.0,7265.0,0.0,0.0,0.0,0.0,0.0,0.0,35.0,25.0,10.0,3005.0,1615.0,1390.0,100.0,45.0,55.0,0.0,0.0,0.0,25.0,15.0,10.0
66,2021A00032406,0.0,0.0,0.0,10165.0,4895.0,5275.0,0.0,0.0,0.0,0.0,0.0,0.0,0.0,0.0,0.0,2575.0,1385.0,1190.0,45.0,30.0,20.0,0.0,0.0,0.0,195.0,95.0,95.0
67,2021A00032407,0.0,0.0,0.0,15075.0,7620.0,7455.0,0.0,0.0,0.0,0.0,0.0,0.0,20.0,20.0,0.0,1960.0,1110.0,855.0,30.0,15.0,15.0,0.0,0.0,0.0,0.0,0.0,0.0
68,2021A00032408,0.0,0.0,0.0,16600.0,8170.0,8435.0,0.0,0.0,0.0,0.0,0.0,0.0,35.0,10.0,25.0,3750.0,2025.0,1725.0,30.0,15.0,15.0,0.0,0.0,0.0,0.0,0.0,0.0
69,2021A00032409,0.0,0.0,0.0,14610.0,7360.0,7250.0,0.0,0.0,0.0,0.0,0.0,0.0,0.0,0.0,0.0,3035.0,1560.0,1475.0,25.0,10.0,20.0,0.0,0.0,0.0,0.0,0.0,0.0
70,2021A00032410,55.0,20.0,40.0,41715.0,20135.0,21575.0,0.0,0.0,0.0,35.0,25.0,10.0,320.0,185.0,140.0,13430.0,6975.0,6450.0,120.0,50.0,70.0,0.0,0.0,0.0,10.0,0.0,10.0
71,2021A00032411,10.0,10.0,0.0,7205.0,3645.0,3560.0,0.0,0.0,0.0,0.0,0.0,0.0,0.0,0.0,0.0,1285.0,680.0,600.0,20.0,15.0,10.0,0.0,0.0,0.0,0.0,0.0,0.0
72,2021A00032412,0.0,0.0,0.0,27635.0,13635.0,14005.0,0.0,0.0,0.0,0.0,0.0,0.0,195.0,105.0,90.0,5940.0,3135.0,2800.0,55.0,25.0,35.0,0.0,0.0,0.0,0.0,0.0,0.0
73,2021A00032413,0.0,0.0,0.0,16460.0,8345.0,8110.0,0.0,0.0,0.0,0.0,0.0,0.0,20.0,10.0,15.0,2265.0,1210.0,1055.0,20.0,10.0,10.0,0.0,0.0,0.0,0.0,0.0,0.0
74,2021A00032414,10.0,0.0,0.0,16570.0,8330.0,8240.0,0.0,0.0,0.0,0.0,0.0,0.0,35.0,25.0,0.0,3435.0,1790.0,1645.0,45.0,15.0,25.0,0.0,0.0,0.0,0.0,0.0,0.0
75,2021A00032415,25.0,10.0,20.0,12845.0,6225.0,6620.0,0.0,0.0,0.0,0.0,0.0,0.0,55.0,30.0,15.0,2005.0,1140.0,865.0,35.0,20.0,15.0,0.0,0.0,0.0,0.0,0.0,0.0
76,2021A00032416,25.0,0.0,25.0,10815.0,5325.0,5495.0,0.0,0.0,0.0,0.0,0.0,0.0,115.0,60.0,50.0,1945.0,1070.0,870.0,40.0,25.0,15.0,0.0,0.0,0.0,0.0,0.0,0.0
77,2021A00032417,0.0,0.0,0.0,14210.0,7290.0,6930.0,0.0,0.0,0.0,0.0,0.0,0.0,35.0,20.0,20.0,2790.0,1435.0,1355.0,20.0,10.0,10.0,0.0,0.0,0.0,0.0,0.0,0.0
78,2021A00032418,0.0,0.0,0.0,18425.0,9215.0,9210.0,0.0,0.0,0.0,0.0,0.0,0.0,85.0,55.0,30.0,3435.0,1870.0,1565.0,20.0,0.0,0.0,0.0,0.0,0.0,0.0,0.0,0.0
79,2021A00032419,10.0,10.0,0.0,29660.0,15100.0,14555.0,0.0,0.0,0.0,0.0,0.0,0.0,90.0,50.0,40.0,7175.0,4040.0,3130.0,35.0,15.0,20.0,0.0,0.0,0.0,0.0,0.0,0.0
80,2021A00032420,0.0,0.0,0.0,5135.0,2550.0,2575.0,0.0,0.0,0.0,0.0,0.0,0.0,0.0,0.0,0.0,1565.0,820.0,740.0,0.0,0.0,0.0,0.0,0.0,0.0,0.0,0.0,0.0
81,2021A00032421,25.0,10.0,15.0,21670.0,10870.0,10805.0,0.0,0.0,0.0,0.0,0.0,0.0,40.0,30.0,10.0,7755.0,4125.0,3630.0,45.0,20.0,20.0,0.0,0.0,0.0,0.0,0.0,0.0
82,2021A00032422,25.0,10.0,15.0,30465.0,15345.0,15120.0,0.0,0.0,0.0,15.0,15.0,0.0,40.0,25.0,15.0,16635.0,8910.0,7730.0,40.0,20.0,20.0,0.0,0.0,0.0,30.0,20.0,10.0
83,2021A00032423,1610.0,715.0,890.0,377520.0,177550.0,199970.0,515.0,280.0,240.0,310.0,185.0,125.0,17870.0,9240.0,8625.0,172010.0,91745.0,80270.0,1405.0,710.0,690.0,20.0,20.0,0.0,155.0,110.0,50.0
84,2021A00032425,240.0,110.0,125.0,105285.0,50485.0,54800.0,25.0,15.0,10.0,0.0,0.0,0.0,1795.0,1030.0,770.0,38625.0,20505.0,18120.0,260.0,125.0,135.0,0.0,0.0,0.0,0.0,0.0,0.0
85,2021A00032426,0.0,0.0,0.0,29635.0,14925.0,14705.0,20.0,10.0,0.0,10.0,10.0,0.0,45.0,25.0,15.0,7390.0,3995.0,3400.0,45.0,20.0,25.0,0.0,0.0,0.0,0.0,0.0,0.0
86,2021A00032427,45.0,0.0,40.0,15720.0,8070.0,7655.0,0.0,0.0,0.0,0.0,0.0,0.0,55.0,45.0,10.0,2840.0,1530.0,1310.0,45.0,10.0,35.0,0.0,0.0,0.0,0.0,0.0,0.0
87,2021A00032428,0.0,0.0,0.0,14145.0,7315.0,6830.0,0.0,0.0,0.0,0.0,0.0,0.0,20.0,0.0,15.0,2155.0,1180.0,975.0,25.0,10.0,10.0,0.0,0.0,0.0,0.0,0.0,0.0
88,2021A00032429,15.0,15.0,0.0,43890.0,22110.0,21775.0,0.0,0.0,0.0,0.0,0.0,0.0,300.0,175.0,130.0,7880.0,4235.0,3650.0,80.0,40.0,40.0,0.0,0.0,0.0,0.0,0.0,0.0
89,2021A00032430,10.0,0.0,10.0,17595.0,8895.0,8695.0,0.0,0.0,0.0,0.0,0.0,0.0,90.0,40.0,50.0,3755.0,2070.0,1685.0,85.0,45.0,45.0,0.0,0.0,0.0,0.0,0.0,0.0
90,2021A00032431,20.0,0.0,20.0,33495.0,16595.0,16900.0,0.0,0.0,0.0,0.0,0.0,0.0,220.0,160.0,70.0,7515.0,4140.0,3375.0,125.0,70.0,50.0,0.0,0.0,0.0,0.0,0.0,0.0
91,2021A00032432,20.0,0.0,10.0,18695.0,9470.0,9220.0,0.0,0.0,0.0,0.0,0.0,0.0,20.0,20.0,0.0,4395.0,2385.0,2005.0,15.0,10.0,0.0,0.0,0.0,0.0,0.0,0.0,0.0
92,2021A00032433,45.0,10.0,35.0,25160.0,12855.0,12305.0,0.0,0.0,0.0,10.0,0.0,10.0,265.0,180.0,85.0,8265.0,4370.0,3895.0,85.0,45.0,40.0,0.0,0.0,0.0,0.0,0.0,0.0
93,2021A00032434,25.0,20.0,0.0,40945.0,20645.0,20290.0,0.0,0.0,0.0,0.0,0.0,0.0,260.0,160.0,105.0,12840.0,6680.0,6155.0,90.0,45.0,50.0,0.0,0.0,0.0,0.0,0.0,0.0
94,2021A00032435,0.0,0.0,0.0,10440.0,5290.0,5150.0,0.0,0.0,0.0,0.0,0.0,0.0,10.0,0.0,0.0,2060.0,1075.0,985.0,15.0,0.0,10.0,0.0,0.0,0.0,0.0,0.0,0.0
95,2021A00032436,75.0,20.0,50.0,35630.0,17105.0,18525.0,45.0,30.0,20.0,0.0,0.0,0.0,235.0,145.0,95.0,11585.0,6220.0,5365.0,50.0,35.0,20.0,0.0,0.0,0.0,0.0,0.0,0.0
96,2021A00032437,150.0,75.0,75.0,109425.0,52340.0,57085.0,65.0,20.0,40.0,35.0,35.0,0.0,2250.0,1290.0,965.0,40190.0,21395.0,18795.0,460.0,195.0,265.0,0.0,0.0,0.0,10.0,0.0,0.0
97,2021A00032438,10.0,0.0,0.0,15295.0,7710.0,7580.0,0.0,0.0,0.0,0.0,0.0,0.0,25.0,15.0,10.0,4795.0,2635.0,2155.0,70.0,30.0,40.0,0.0,0.0,0.0,0.0,0.0,0.0
98,2021A00032439,60.0,30.0,30.0,55175.0,27235.0,27940.0,0.0,0.0,0.0,0.0,0.0,0.0,600.0,325.0,275.0,15710.0,8385.0,7330.0,150.0,85.0,65.0,0.0,0.0,0.0,10.0,0.0,0.0
99,2021A00032440,0.0,0.0,0.0,11155.0,5680.0,5480.0,0.0,0.0,0.0,0.0,0.0,0.0,35.0,20.0,15.0,2940.0,1570.0,1375.0,0.0,0.0,0.0,0.0,0.0,0.0,0.0,0.0,0.0
100,2021A00032441,20.0,15.0,0.0,16435.0,8425.0,8010.0,0.0,0.0,0.0,0.0,0.0,0.0,0.0,0.0,0.0,5980.0,3230.0,2750.0,80.0,30.0,50.0,0.0,0.0,0.0,0.0,0.0,0.0
101,2021A00032442,25.0,0.0,15.0,21770.0,10980.0,10790.0,0.0,0.0,0.0,0.0,0.0,0.0,65.0,45.0,10.0,8860.0,4885.0,3975.0,115.0,55.0,65.0,0.0,0.0,0.0,0.0,0.0,0.0
102,2021A00032443,345.0,150.0,190.0,104005.0,49210.0,54790.0,250.0,160.0,85.0,125.0,70.0,60.0,6200.0,3195.0,3005.0,55440.0,29165.0,26270.0,740.0,385.0,365.0,70.0,35.0,35.0,0.0,0.0,0.0
103,2021A00032444,25.0,15.0,15.0,13545.0,6765.0,6780.0,0.0,0.0,0.0,0.0,0.0,0.0,75.0,55.0,20.0,4860.0,2600.0,2260.0,35.0,15.0,25.0,0.0,0.0,0.0,0.0,0.0,0.0
104,2021A00032445,65.0,20.0,40.0,37220.0,18245.0,18980.0,20.0,10.0,10.0,85.0,35.0,50.0,115.0,60.0,55.0,15605.0,8125.0,7480.0,150.0,60.0,90.0,0.0,0.0,0.0,0.0,0.0,0.0
105,2021A00032446,100.0,55.0,50.0,41255.0,20015.0,21240.0,50.0,30.0,25.0,125.0,50.0,70.0,115.0,70.0,45.0,21250.0,10960.0,10295.0,185.0,75.0,110.0,10.0,0.0,0.0,10.0,0.0,10.0
106,2021A00032447,90.0,55.0,30.0,61500.0,29665.0,31835.0,0.0,0.0,0.0,25.0,15.0,15.0,1175.0,630.0,545.0,27220.0,14375.0,12840.0,190.0,90.0,95.0,0.0,0.0,0.0,0.0,0.0,0.0
107,2021A00032448,0.0,0.0,0.0,11545.0,5790.0,5755.0,0.0,0.0,0.0,0.0,0.0,0.0,30.0,25.0,10.0,3700.0,2050.0,1650.0,20.0,20.0,0.0,0.0,0.0,0.0,0.0,0.0,0.0
108,2021A00032449,70.0,20.0,45.0,76365.0,37550.0,38815.0,0.0,0.0,0.0,15.0,15.0,0.0,1340.0,715.0,620.0,26840.0,14475.0,12365.0,235.0,95.0,135.0,0.0,0.0,0.0,15.0,0.0,10.0
109,2021A00032450,10.0,0.0,0.0,17645.0,8820.0,8825.0,0.0,0.0,0.0,0.0,0.0,0.0,35.0,20.0,15.0,5110.0,2750.0,2360.0,55.0,20.0,35.0,0.0,0.0,0.0,20.0,10.0,10.0
110,2021A00032451,15.0,0.0,10.0,28365.0,14320.0,14050.0,10.0,0.0,10.0,10.0,0.0,0.0,55.0,30.0,25.0,8000.0,4275.0,3730.0,70.0,45.0,35.0,0.0,0.0,0.0,0.0,0.0,0.0
111,2021A00032452,50.0,30.0,20.0,31735.0,15890.0,15845.0,0.0,0.0,0.0,0.0,0.0,0.0,185.0,105.0,80.0,11285.0,5945.0,5340.0,105.0,70.0,35.0,0.0,0.0,0.0,0.0,0.0,0.0
112,2021A00032453,70.0,15.0,50.0,37930.0,18730.0,19195.0,10.0,0.0,10.0,10.0,0.0,0.0,180.0,85.0,90.0,12085.0,6550.0,5535.0,40.0,20.0,15.0,0.0,0.0,0.0,0.0,0.0,0.0
113,2021A00032454,120.0,80.0,45.0,62430.0,30500.0,31930.0,0.0,0.0,0.0,0.0,0.0,0.0,1445.0,750.0,700.0,22715.0,11930.0,10780.0,215.0,100.0,115.0,0.0,0.0,0.0,0.0,0.0,0.0
114,2021A00032455,30.0,25.0,0.0,24760.0,12275.0,12485.0,0.0,0.0,0.0,0.0,0.0,0.0,255.0,150.0,105.0,11805.0,6165.0,5635.0,85.0,45.0,35.0,0.0,0.0,0.0,10.0,10.0,0.0
115,2021A00032456,200.0,90.0,105.0,82840.0,40095.0,42745.0,45.0,25.0,20.0,45.0,25.0,20.0,1380.0,775.0,610.0,34290.0,18230.0,16060.0,225.0,115.0,105.0,0.0,0.0,0.0,10.0,0.0,0.0
116,2021A00032457,300.0,145.0,155.0,84430.0,40715.0,43710.0,100.0,55.0,45.0,50.0,25.0,20.0,2305.0,1180.0,1125.0,42360.0,21865.0,20500.0,245.0,115.0,125.0,0.0,0.0,0.0,0.0,0.0,0.0
117,2021A00032458,4315.0,1905.0,2415.0,254715.0,119115.0,135600.0,2680.0,1330.0,1345.0,845.0,470.0,375.0,35380.0,18320.0,17055.0,128385.0,67500.0,60880.0,1440.0,690.0,755.0,405.0,225.0,180.0,0.0,0.0,0.0
118,2021A00032459,50.0,15.0,35.0,53105.0,25895.0,27210.0,15.0,10.0,10.0,30.0,15.0,10.0,1500.0,740.0,765.0,24265.0,12640.0,11625.0,95.0,45.0,55.0,0.0,0.0,0.0,0.0,0.0,0.0
119,2021A00032460,300.0,155.0,150.0,87710.0,41970.0,45740.0,10.0,0.0,0.0,25.0,15.0,20.0,5565.0,2760.0,2805.0,32560.0,16870.0,15690.0,250.0,130.0,125.0,0.0,0.0,0.0,0.0,0.0,0.0
120,2021A00032461,125.0,65.0,65.0,47610.0,22380.0,25235.0,0.0,0.0,0.0,15.0,10.0,10.0,665.0,355.0,305.0,19685.0,10195.0,9490.0,195.0,100.0,90.0,0.0,0.0,0.0,25.0,20.0,0.0
121,2021A00032462,80.0,20.0,65.0,38985.0,20150.0,18835.0,10.0,0.0,10.0,30.0,15.0,15.0,50.0,40.0,10.0,14860.0,7810.0,7050.0,105.0,45.0,55.0,0.0,0.0,0.0,520.0,285.0,230.0
122,2021A00032463,75.0,50.0,20.0,38080.0,19435.0,18645.0,0.0,0.0,0.0,0.0,0.0,0.0,380.0,185.0,195.0,19400.0,10080.0,9315.0,115.0,55.0,60.0,0.0,0.0,0.0,0.0,0.0,0.0
123,2021A00032464,410.0,190.0,215.0,115555.0,56035.0,59520.0,150.0,85.0,65.0,115.0,50.0,65.0,6025.0,3100.0,2925.0,45345.0,23590.0,21750.0,515.0,245.0,265.0,20.0,15.0,0.0,0.0,0.0,0.0
124,2021A00032465,5940.0,2675.0,3265.0,280720.0,133695.0,147030.0,4140.0,1995.0,2145.0,2435.0,1135.0,1300.0,55620.0,28280.0,27345.0,77165.0,40930.0,36240.0,1280.0,630.0,655.0,2235.0,1105.0,1125.0,10.0,10.0,0.0
125,2021A00032466,28350.0,12580.0,15775.0,969945.0,451410.0,518540.0,35615.0,19215.0,16405.0,73900.0,36055.0,37840.0,233440.0,121145.0,112290.0,590140.0,310985.0,279165.0,9925.0,4610.0,5315.0,17820.0,9590.0,8225.0,220.0,80.0,135.0
126,2021A00032467,735.0,345.0,390.0,122810.0,59075.0,63730.0,525.0,270.0,255.0,300.0,160.0,140.0,8005.0,4020.0,3985.0,49655.0,25945.0,23705.0,395.0,165.0,235.0,345.0,185.0,160.0,15.0,15.0,0.0
127,2021A00032468,25.0,10.0,20.0,20325.0,10185.0,10135.0,0.0,0.0,0.0,15.0,0.0,15.0,140.0,75.0,65.0,8180.0,4355.0,3830.0,45.0,20.0,25.0,0.0,0.0,0.0,0.0,0.0,0.0
128,2021A00032469,15.0,0.0,15.0,16005.0,8080.0,7925.0,0.0,0.0,0.0,0.0,0.0,0.0,40.0,25.0,15.0,5790.0,3085.0,2705.0,40.0,10.0,30.0,0.0,0.0,0.0,0.0,0.0,0.0
129,2021A00032470,60.0,20.0,40.0,47575.0,22985.0,24595.0,10.0,10.0,0.0,25.0,15.0,0.0,430.0,240.0,190.0,18350.0,9620.0,8725.0,145.0,60.0,85.0,0.0,0.0,0.0,0.0,0.0,0.0
130,2021A00032471,505.0,215.0,295.0,105975.0,51125.0,54855.0,1905.0,940.0,965.0,1350.0,675.0,680.0,4910.0,2490.0,2420.0,43305.0,23000.0,20300.0,425.0,165.0,260.0,2000.0,1005.0,995.0,0.0,0.0,0.0
131,2021A00032472,340.0,145.0,200.0,65800.0,31895.0,33905.0,155.0,55.0,100.0,200.0,105.0,95.0,3420.0,1720.0,1700.0,30240.0,15700.0,14535.0,275.0,120.0,150.0,35.0,20.0,15.0,20.0,0.0,15.0
132,2021A00032473,705.0,310.0,400.0,105225.0,50700.0,54525.0,180.0,100.0,80.0,2745.0,1335.0,1410.0,5265.0,2610.0,2665.0,45700.0,23560.0,22140.0,325.0,120.0,205.0,95.0,50.0,45.0,0.0,0.0,0.0
133,2021A00032474,225.0,95.0,130.0,38855.0,18740.0,20110.0,45.0,20.0,20.0,50.0,35.0,10.0,1140.0,535.0,605.0,20430.0,10550.0,9885.0,75.0,50.0,25.0,0.0,0.0,0.0,0.0,0.0,0.0
134,2021A00032475,230.0,95.0,140.0,88000.0,42455.0,45550.0,35.0,25.0,10.0,50.0,35.0,15.0,1660.0,840.0,820.0,47515.0,24975.0,22550.0,350.0,180.0,170.0,0.0,0.0,0.0,15.0,0.0,0.0
135,2021A00032476,25.0,0.0,20.0,24330.0,11945.0,12385.0,10.0,0.0,0.0,65.0,45.0,20.0,50.0,25.0,25.0,9250.0,5000.0,4250.0,130.0,65.0,60.0,0.0,0.0,0.0,0.0,0.0,0.0
136,2021A00032477,85.0,35.0,50.0,30775.0,15005.0,15770.0,15.0,15.0,0.0,375.0,200.0,180.0,110.0,70.0,40.0,14930.0,7645.0,7285.0,90.0,45.0,45.0,0.0,0.0,0.0,0.0,0.0,0.0
137,2021A00032478,55.0,20.0,35.0,33050.0,16125.0,16920.0,0.0,0.0,0.0,275.0,175.0,100.0,90.0,50.0,45.0,16060.0,8380.0,7670.0,120.0,65.0,55.0,0.0,0.0,0.0,30.0,20.0,10.0
138,2021A00032479,55.0,15.0,35.0,26770.0,13350.0,13415.0,10.0,0.0,10.0,30.0,0.0,20.0,25.0,15.0,10.0,8440.0,4610.0,3825.0,55.0,20.0,40.0,0.0,0.0,0.0,0.0,0.0,0.0
139,2021A00032480,35.0,15.0,15.0,17540.0,8780.0,8760.0,10.0,10.0,0.0,0.0,0.0,0.0,15.0,10.0,10.0,6255.0,3400.0,2865.0,120.0,50.0,65.0,0.0,0.0,0.0,0.0,0.0,0.0
140,2021A00032481,1165.0,415.0,745.0,178850.0,83975.0,94875.0,535.0,255.0,280.0,405.0,235.0,175.0,14840.0,7635.0,7205.0,88125.0,46160.0,41965.0,1410.0,600.0,810.0,185.0,70.0,120.0,200.0,85.0,110.0
141,2021A00032482,35.0,10.0,30.0,33595.0,16830.0,16765.0,65.0,15.0,50.0,200.0,95.0,105.0,245.0,120.0,125.0,19800.0,10540.0,9255.0,300.0,105.0,190.0,0.0,0.0,0.0,50.0,35.0,20.0
142,2021A00032483,20.0,10.0,10.0,14770.0,7380.0,7390.0,0.0,0.0,0.0,15.0,0.0,0.0,55.0,25.0,30.0,5100.0,2725.0,2380.0,45.0,15.0,30.0,0.0,0.0,0.0,215.0,75.0,140.0
143,2021A00032484,10.0,10.0,0.0,11980.0,5950.0,6030.0,0.0,0.0,0.0,15.0,15.0,0.0,15.0,0.0,15.0,2445.0,1340.0,1105.0,40.0,20.0,20.0,0.0,0.0,0.0,20.0,10.0,10.0
144,2021A00032485,0.0,0.0,0.0,11640.0,5895.0,5745.0,0.0,0.0,0.0,0.0,0.0,0.0,105.0,65.0,40.0,3800.0,1955.0,1845.0,25.0,10.0,10.0,0.0,0.0,0.0,210.0,80.0,135.0
145,2021A00032486,10.0,0.0,10.0,27720.0,13645.0,14075.0,0.0,0.0,0.0,0.0,0.0,0.0,335.0,190.0,150.0,13165.0,7030.0,6130.0,50.0,25.0,25.0,0.0,0.0,0.0,0.0,0.0,0.0
146,2021A00032487,0.0,0.0,0.0,15875.0,8060.0,7810.0,0.0,0.0,0.0,0.0,0.0,0.0,45.0,20.0,25.0,4090.0,2215.0,1875.0,15.0,0.0,10.0,0.0,0.0,0.0,10.0,0.0,10.0
147,2021A00032488,15.0,0.0,10.0,18020.0,9010.0,9010.0,0.0,0.0,0.0,0.0,0.0,0.0,50.0,25.0,25.0,5950.0,3135.0,2820.0,45.0,20.0,20.0,0.0,0.0,0.0,45.0,20.0,25.0
148,2021A00032489,45.0,20.0,15.0,30125.0,15210.0,14915.0,0.0,0.0,0.0,0.0,0.0,0.0,455.0,265.0,190.0,11605.0,6060.0,5545.0,60.0,40.0,20.0,0.0,0.0,0.0,240.0,130.0,115.0
149,2021A00032490,15.0,0.0,10.0,10960.0,5575.0,5385.0,0.0,0.0,0.0,0.0,0.0,0.0,10.0,10.0,0.0,3590.0,1955.0,1635.0,25.0,15.0,10.0,0.0,0.0,0.0,190.0,95.0,95.0
150,2021A00032491,10.0,0.0,10.0,25450.0,12595.0,12855.0,0.0,0.0,0.0,0.0,0.0,0.0,10.0,0.0,0.0,4505.0,2495.0,2010.0,40.0,15.0,20.0,0.0,0.0,0.0,85.0,35.0,45.0
151,2021A00032492,10.0,0.0,10.0,20130.0,10160.0,9965.0,0.0,0.0,0.0,0.0,0.0,0.0,30.0,20.0,10.0,3180.0,1775.0,1400.0,75.0,45.0,25.0,0.0,0.0,0.0,15.0,10.0,0.0
152,2021A00032493,40.0,30.0,10.0,41435.0,20605.0,20830.0,0.0,0.0,0.0,0.0,0.0,0.0,30.0,15.0,15.0,9450.0,5090.0,4360.0,145.0,65.0,80.0,0.0,0.0,0.0,20.0,10.0,0.0
153,2021A00032494,100.0,45.0,55.0,128285.0,62970.0,65310.0,15.0,10.0,0.0,15.0,10.0,0.0,735.0,435.0,300.0,34580.0,19075.0,15505.0,385.0,190.0,195.0,0.0,0.0,0.0,10.0,10.0,0.0
154,2021A00032495,0.0,0.0,0.0,8485.0,4220.0,4260.0,0.0,0.0,0.0,0.0,0.0,0.0,30.0,25.0,10.0,1590.0,865.0,730.0,10.0,0.0,10.0,0.0,0.0,0.0,0.0,0.0,0.0
155,2021A00032496,25.0,0.0,25.0,23085.0,11510.0,11575.0,0.0,0.0,0.0,0.0,0.0,0.0,30.0,15.0,15.0,5930.0,3110.0,2815.0,80.0,40.0,40.0,0.0,0.0,0.0,40.0,25.0,15.0
156,2021A00032497,10.0,0.0,0.0,28515.0,14150.0,14370.0,0.0,0.0,0.0,0.0,0.0,0.0,215.0,125.0,95.0,8275.0,4510.0,3765.0,335.0,155.0,185.0,0.0,0.0,0.0,90.0,30.0,60.0
157,2021A00032498,0.0,0.0,0.0,8480.0,4235.0,4240.0,0.0,0.0,0.0,0.0,0.0,0.0,20.0,15.0,0.0,1115.0,640.0,480.0,10.0,0.0,10.0,0.0,0.0,0.0,10.0,0.0,10.0
158,2021A00032499,20.0,0.0,15.0,32835.0,16590.0,16240.0,10.0,0.0,10.0,10.0,10.0,0.0,215.0,115.0,95.0,11335.0,5820.0,5515.0,180.0,90.0,90.0,10.0,0.0,10.0,870.0,460.0,415.0
159,2021A00033501,115.0,45.0,70.0,77310.0,37060.0,40245.0,900.0,475.0,425.0,185.0,80.0,110.0,1990.0,1065.0,915.0,30935.0,16485.0,14445.0,530.0,205.0,325.0,165.0,100.0,65.0,110.0,50.0,55.0
160,2021A00033502,65.0,15.0,45.0,72280.0,35260.0,37020.0,210.0,120.0,90.0,100.0,60.0,40.0,860.0,435.0,425.0,19860.0,10610.0,9245.0,260.0,110.0,150.0,60.0,15.0,50.0,30.0,10.0,20.0
161,2021A00033506,10800.0,4740.0,6060.0,528700.0,244560.0,284140.0,20300.0,10690.0,9610.0,10600.0,5260.0,5340.0,98920.0,49570.0,49350.0,316740.0,167400.0,149340.0,8055.0,3395.0,4660.0,6375.0,3315.0,3065.0,445.0,185.0,265.0
162,2021A00033507,180.0,75.0,105.0,62020.0,28895.0,33130.0,140.0,75.0,65.0,190.0,90.0,95.0,440.0,205.0,230.0,38585.0,20590.0,17990.0,515.0,200.0,320.0,250.0,105.0,140.0,40.0,20.0,25.0
163,2021A00033509,190.0,70.0,120.0,44665.0,20850.0,23810.0,185.0,95.0,95.0,150.0,90.0,65.0,215.0,105.0,115.0,28365.0,15075.0,13295.0,430.0,180.0,245.0,60.0,20.0,40.0,30.0,0.0,25.0
164,2021A00033510,505.0,185.0,325.0,82095.0,37400.0,44695.0,1705.0,910.0,800.0,905.0,410.0,495.0,3380.0,1745.0,1630.0,67450.0,35320.0,32130.0,1500.0,530.0,970.0,570.0,280.0,290.0,115.0,45.0,65.0
165,2021A00033511,20.0,10.0,10.0,24940.0,11695.0,13250.0,80.0,35.0,45.0,65.0,35.0,35.0,110.0,55.0,60.0,17595.0,9455.0,8130.0,265.0,85.0,190.0,30.0,20.0,10.0,10.0,0.0,10.0
166,2021A00033512,295.0,100.0,195.0,78495.0,36560.0,41940.0,915.0,505.0,415.0,240.0,115.0,125.0,700.0,380.0,320.0,60790.0,32400.0,28390.0,850.0,340.0,510.0,565.0,235.0,330.0,345.0,170.0,180.0
167,2021A00033513,65.0,35.0,30.0,13640.0,6365.0,7275.0,45.0,25.0,20.0,175.0,90.0,90.0,35.0,25.0,10.0,10990.0,5660.0,5330.0,205.0,70.0,140.0,20.0,10.0,10.0,0.0,0.0,0.0
168,2021A00033514,160.0,70.0,95.0,46725.0,21475.0,25250.0,310.0,160.0,150.0,220.0,75.0,145.0,210.0,100.0,110.0,38810.0,20535.0,18275.0,605.0,220.0,380.0,125.0,55.0,65.0,115.0,50.0,60.0
169,2021A00033515,450.0,185.0,265.0,76975.0,35295.0,41680.0,1250.0,745.0,505.0,355.0,180.0,175.0,1410.0,650.0,755.0,62360.0,32575.0,29785.0,1335.0,505.0,825.0,360.0,210.0,150.0,345.0,140.0,205.0
170,2021A00033516,100.0,35.0,70.0,41525.0,19245.0,22280.0,305.0,170.0,130.0,150.0,85.0,60.0,205.0,110.0,95.0,34385.0,18390.0,16000.0,450.0,160.0,285.0,80.0,20.0,60.0,25.0,20.0,10.0
171,2021A00033518,3530.0,1545.0,1985.0,364015.0,168425.0,195590.0,39015.0,19335.0,19675.0,2075.0,1025.0,1045.0,52715.0,26820.0,25895.0,222245.0,117470.0,104780.0,3545.0,1475.0,2065.0,4000.0,1950.0,2055.0,225.0,110.0,120.0
172,2021A00033519,30430.0,13395.0,17035.0,528150.0,248340.0,279805.0,58140.0,28675.0,29460.0,60795.0,29930.0,30865.0,91465.0,45105.0,46360.0,378220.0,194935.0,183285.0,6775.0,3140.0,3640.0,11400.0,5880.0,5520.0,235.0,110.0,120.0
173,2021A00033520,62475.0,27945.0,34530.0,1274450.0,580640.0,693810.0,171980.0,88440.0,83540.0,99390.0,48285.0,51105.0,264155.0,133135.0,131025.0,845615.0,437290.0,408325.0,20730.0,9250.0,11480.0,21545.0,10985.0,10565.0,935.0,425.0,510.0
174,2021A00033521,21765.0,10090.0,11675.0,632455.0,297260.0,335190.0,183460.0,93755.0,89705.0,2190.0,1075.0,1120.0,181995.0,91755.0,90240.0,210865.0,112700.0,98165.0,7685.0,3455.0,4230.0,198630.0,103030.0,95600.0,30.0,20.0,15.0
175,2021A00033522,140.0,80.0,60.0,35485.0,16775.0,18710.0,1005.0,525.0,485.0,210.0,105.0,110.0,915.0,445.0,475.0,26225.0,13830.0,12390.0,245.0,75.0,175.0,1250.0,665.0,590.0,10.0,0.0,0.0
176,2021A00033523,2210.0,1005.0,1205.0,129580.0,60825.0,68750.0,4495.0,2405.0,2090.0,845.0,405.0,440.0,7200.0,3725.0,3475.0,88920.0,46910.0,42010.0,1615.0,660.0,955.0,2960.0,1485.0,1470.0,100.0,35.0,70.0
177,2021A00033524,4535.0,2005.0,2525.0,320535.0,149745.0,170790.0,22610.0,11475.0,11140.0,2560.0,1270.0,1290.0,61560.0,30855.0,30705.0,164530.0,85840.0,78690.0,2785.0,1145.0,1645.0,10615.0,5145.0,5470.0,35.0,10.0,30.0
178,2021A00033525,4765.0,2205.0,2560.0,309780.0,144770.0,165010.0,10200.0,5385.0,4815.0,3045.0,1500.0,1545.0,37980.0,18900.0,19080.0,183965.0,97665.0,86300.0,3535.0,1475.0,2055.0,7270.0,3860.0,3410.0,375.0,140.0,240.0
179,2021A00033526,2410.0,1070.0,1340.0,286590.0,133970.0,152615.0,3835.0,2110.0,1725.0,1250.0,575.0,680.0,11060.0,5580.0,5480.0,159155.0,83660.0,75495.0,2575.0,1020.0,1550.0,2370.0,1060.0,1310.0,220.0,105.0,115.0
180,2021A00033528,190.0,110.0,80.0,71340.0,33840.0,37500.0,230.0,110.0,115.0,130.0,80.0,55.0,560.0,250.0,310.0,41870.0,22445.0,19425.0,375.0,120.0,260.0,95.0,70.0,30.0,165.0,85.0,80.0
181,2021A00033529,545.0,235.0,315.0,76155.0,35495.0,40665.0,1895.0,985.0,910.0,175.0,90.0,85.0,2470.0,1260.0,1210.0,56905.0,30060.0,26840.0,845.0,335.0,515.0,3065.0,1590.0,1480.0,450.0,190.0,260.0
182,2021A00033530,5600.0,2595.0,3000.0,307540.0,145175.0,162360.0,19595.0,10830.0,8760.0,1490.0,810.0,680.0,38675.0,19490.0,19185.0,189585.0,101710.0,87870.0,4460.0,1905.0,2555.0,12310.0,6665.0,5645.0,125.0,55.0,70.0
183,2021A00033531,340.0,160.0,175.0,50770.0,24055.0,26715.0,575.0,275.0,295.0,125.0,75.0,50.0,375.0,215.0,160.0,27315.0,14470.0,12845.0,395.0,185.0,215.0,200.0,130.0,75.0,20.0,15.0,10.0
184,2021A00033532,330.0,150.0,180.0,67975.0,31780.0,36195.0,765.0,415.0,350.0,85.0,50.0,35.0,1015.0,535.0,480.0,47475.0,25380.0,22095.0,510.0,190.0,320.0,2050.0,1070.0,980.0,55.0,20.0,40.0
185,2021A00033534,185.0,95.0,90.0,56200.0,26445.0,29755.0,290.0,155.0,135.0,55.0,25.0,30.0,435.0,215.0,220.0,35690.0,18980.0,16715.0,430.0,190.0,235.0,110.0,65.0,45.0,20.0,15.0,0.0
186,2021A00033536,260.0,125.0,140.0,66505.0,31430.0,35085.0,420.0,230.0,190.0,85.0,45.0,40.0,840.0,460.0,380.0,33180.0,17755.0,15425.0,410.0,165.0,250.0,200.0,90.0,115.0,185.0,100.0,85.0
187,2021A00033537,2830.0,1320.0,1515.0,259295.0,123645.0,135650.0,7375.0,4550.0,2825.0,985.0,475.0,505.0,30145.0,15365.0,14780.0,109000.0,58300.0,50700.0,1665.0,695.0,970.0,4340.0,2290.0,2045.0,85.0,30.0,55.0
188,2021A00033538,150.0,60.0,90.0,74280.0,34805.0,39475.0,905.0,525.0,380.0,140.0,80.0,60.0,925.0,495.0,430.0,48350.0,25730.0,22615.0,655.0,255.0,405.0,300.0,140.0,160.0,345.0,175.0,165.0
189,2021A00033539,3830.0,1765.0,2060.0,250910.0,115265.0,135645.0,8820.0,5060.0,3760.0,2045.0,1015.0,1035.0,35520.0,18145.0,17375.0,183310.0,96660.0,86650.0,4370.0,1915.0,2455.0,4160.0,2185.0,1970.0,495.0,175.0,320.0
190,2021A00033540,105.0,50.0,55.0,40650.0,19505.0,21140.0,60.0,30.0,25.0,35.0,10.0,20.0,175.0,95.0,85.0,18980.0,10095.0,8880.0,200.0,75.0,120.0,55.0,35.0,20.0,0.0,0.0,0.0
191,2021A00033541,90.0,45.0,45.0,42130.0,19700.0,22430.0,400.0,230.0,175.0,60.0,35.0,25.0,595.0,335.0,255.0,28070.0,15195.0,12875.0,385.0,180.0,210.0,125.0,55.0,75.0,240.0,120.0,115.0
192,2021A00033542,145.0,65.0,75.0,55580.0,26000.0,29575.0,345.0,185.0,155.0,355.0,200.0,155.0,520.0,270.0,250.0,41485.0,22120.0,19370.0,540.0,200.0,340.0,165.0,105.0,55.0,45.0,15.0,20.0
193,2021A00033543,2720.0,1245.0,1480.0,291855.0,136405.0,155450.0,6005.0,3170.0,2840.0,3370.0,1730.0,1640.0,9260.0,4825.0,4440.0,205375.0,108825.0,96550.0,3085.0,1245.0,1845.0,2755.0,1460.0,1295.0,650.0,325.0,330.0
194,2021A00033544,130.0,55.0,70.0,34235.0,16065.0,18170.0,155.0,90.0,65.0,290.0,155.0,140.0,40.0,15.0,25.0,29260.0,15475.0,13785.0,320.0,95.0,230.0,75.0,55.0,20.0,65.0,45.0,15.0
195,2021A00033546,10.0,10.0,0.0,11040.0,5255.0,5785.0,35.0,15.0,20.0,85.0,35.0,50.0,0.0,0.0,0.0,8915.0,4940.0,3980.0,150.0,60.0,85.0,0.0,0.0,0.0,0.0,0.0,0.0
196,2021A00033547,185.0,80.0,110.0,69040.0,33000.0,36045.0,335.0,200.0,140.0,90.0,40.0,55.0,295.0,175.0,115.0,32770.0,17885.0,14890.0,690.0,315.0,375.0,110.0,40.0,65.0,60.0,20.0,45.0
197,2021A00033548,260.0,125.0,135.0,50675.0,23775.0,26905.0,260.0,160.0,95.0,80.0,30.0,50.0,145.0,75.0,70.0,30680.0,16195.0,14490.0,455.0,180.0,280.0,60.0,35.0,20.0,245.0,90.0,160.0
198,2021A00033549,120.0,65.0,60.0,24535.0,11655.0,12880.0,35.0,25.0,10.0,120.0,60.0,60.0,45.0,20.0,25.0,20000.0,10950.0,9050.0,385.0,145.0,240.0,20.0,0.0,20.0,285.0,140.0,140.0
199,2021A00033551,10.0,10.0,0.0,7430.0,3435.0,3995.0,0.0,0.0,0.0,15.0,0.0,10.0,0.0,0.0,0.0,5220.0,2825.0,2390.0,110.0,45.0,65.0,0.0,0.0,0.0,875.0,400.0,475.0
200,2021A00033552,25.0,10.0,15.0,14710.0,7200.0,7505.0,110.0,60.0,45.0,15.0,10.0,0.0,0.0,0.0,0.0,6970.0,3860.0,3110.0,105.0,25.0,75.0,0.0,0.0,0.0,190.0,75.0,115.0
201,2021A00033553,310.0,135.0,180.0,103835.0,48915.0,54915.0,1325.0,845.0,485.0,180.0,95.0,85.0,1545.0,840.0,705.0,54120.0,28775.0,25340.0,925.0,400.0,525.0,540.0,320.0,215.0,380.0,135.0,240.0
202,2021A00033554,35.0,20.0,10.0,18675.0,8685.0,9990.0,180.0,90.0,85.0,35.0,15.0,20.0,50.0,40.0,10.0,11590.0,6340.0,5245.0,170.0,65.0,105.0,80.0,40.0,40.0,20.0,15.0,0.0
203,2021A00033556,35.0,25.0,10.0,53045.0,25510.0,27530.0,405.0,270.0,130.0,75.0,45.0,30.0,235.0,160.0,70.0,21655.0,11750.0,9900.0,360.0,170.0,195.0,250.0,150.0,100.0,485.0,240.0,245.0
204,2021A00033557,180.0,75.0,105.0,65830.0,30700.0,35130.0,520.0,340.0,180.0,90.0,35.0,60.0,370.0,220.0,150.0,43265.0,23085.0,20180.0,670.0,305.0,365.0,315.0,190.0,120.0,735.0,310.0,430.0
205,2021A00033558,285.0,135.0,150.0,81015.0,37880.0,43135.0,1390.0,905.0,485.0,135.0,65.0,65.0,1090.0,610.0,480.0,57960.0,31125.0,26835.0,1150.0,490.0,660.0,290.0,140.0,145.0,1035.0,505.0,535.0
206,2021A00033559,30.0,10.0,20.0,9425.0,4330.0,5100.0,0.0,0.0,0.0,0.0,0.0,0.0,10.0,0.0,0.0,8420.0,4520.0,3900.0,145.0,75.0,65.0,0.0,0.0,0.0,1125.0,535.0,585.0
207,2021A00033560,60.0,25.0,35.0,30705.0,14925.0,15785.0,165.0,90.0,75.0,55.0,15.0,35.0,125.0,70.0,50.0,29650.0,15645.0,14010.0,385.0,140.0,245.0,60.0,30.0,30.0,3825.0,1920.0,1915.0
208,2021A00034601,0.0,0.0,0.0,10795.0,5370.0,5425.0,0.0,0.0,0.0,15.0,0.0,0.0,35.0,25.0,10.0,8025.0,4360.0,3670.0,110.0,30.0,80.0,0.0,0.0,0.0,65.0,25.0,45.0
209,2021A00034602,70.0,40.0,30.0,57750.0,28260.0,29495.0,175.0,115.0,60.0,140.0,60.0,85.0,285.0,165.0,120.0,23105.0,12435.0,10670.0,365.0,115.0,250.0,415.0,200.0,220.0,250.0,110.0,140.0
210,2021A00034603,15.0,0.0,10.0,45365.0,22405.0,22965.0,80.0,40.0,45.0,70.0,35.0,30.0,425.0,190.0,235.0,9210.0,5015.0,4195.0,125.0,55.0,70.0,260.0,155.0,105.0,20.0,10.0,10.0
211,2021A00034604,0.0,0.0,0.0,6015.0,3005.0,3010.0,0.0,0.0,0.0,0.0,0.0,0.0,0.0,0.0,0.0,2410.0,1330.0,1085.0,45.0,20.0,20.0,0.0,0.0,0.0,10.0,10.0,0.0
212,2021A00034605,0.0,0.0,0.0,7685.0,3635.0,4050.0,15.0,0.0,15.0,0.0,0.0,0.0,0.0,0.0,0.0,4720.0,2645.0,2075.0,65.0,20.0,45.0,0.0,0.0,0.0,0.0,0.0,0.0
213,2021A00034606,20.0,15.0,0.0,5095.0,2430.0,2665.0,20.0,0.0,15.0,0.0,0.0,0.0,35.0,10.0,15.0,3905.0,2125.0,1775.0,65.0,25.0,35.0,0.0,0.0,0.0,485.0,245.0,240.0
214,2021A00034607,125.0,55.0,70.0,33720.0,15835.0,17880.0,1845.0,1025.0,825.0,45.0,15.0,25.0,550.0,255.0,295.0,30470.0,15975.0,14495.0,400.0,185.0,210.0,445.0,230.0,215.0,330.0,120.0,215.0
215,2021A00034608,0.0,0.0,0.0,7445.0,3660.0,3785.0,10.0,10.0,0.0,0.0,0.0,0.0,0.0,0.0,0.0,4185.0,2300.0,1890.0,60.0,25.0,40.0,0.0,0.0,0.0,565.0,290.0,270.0
216,2021A00034609,20.0,0.0,15.0,11380.0,5365.0,6020.0,225.0,115.0,105.0,0.0,0.0,0.0,80.0,35.0,45.0,9860.0,5165.0,4695.0,220.0,105.0,115.0,155.0,90.0,60.0,390.0,190.0,200.0
217,2021A00034610,35.0,20.0,20.0,6645.0,3295.0,3345.0,50.0,25.0,20.0,20.0,10.0,15.0,80.0,50.0,35.0,4475.0,2350.0,2120.0,30.0,10.0,20.0,115.0,55.0,65.0,0.0,0.0,0.0
218,2021A00034611,6865.0,3080.0,3785.0,373430.0,173175.0,200250.0,14755.0,8040.0,6720.0,10855.0,5350.0,5505.0,24190.0,12830.0,11360.0,269455.0,142335.0,127125.0,5445.0,2335.0,3110.0,32520.0,17135.0,15385.0,2810.0,1225.0,1585.0
219,2021A00034612,10.0,0.0,0.0,13135.0,6300.0,6830.0,0.0,0.0,0.0,90.0,35.0,55.0,50.0,25.0,25.0,10895.0,5910.0,4980.0,95.0,50.0,45.0,45.0,25.0,20.0,60.0,15.0,45.0
220,2021A00034613,135.0,65.0,70.0,27785.0,13335.0,14445.0,170.0,70.0,105.0,145.0,65.0,70.0,190.0,95.0,90.0,20745.0,11075.0,9670.0,295.0,105.0,185.0,815.0,390.0,425.0,260.0,90.0,170.0
221,2021A00034614,35.0,25.0,10.0,8790.0,4125.0,4670.0,0.0,0.0,0.0,15.0,10.0,0.0,15.0,0.0,10.0,8735.0,4690.0,4045.0,100.0,55.0,45.0,60.0,25.0,35.0,45.0,20.0,20.0
222,2021A00034615,15.0,0.0,0.0,13430.0,6540.0,6895.0,40.0,25.0,10.0,0.0,0.0,0.0,55.0,20.0,30.0,8185.0,4405.0,3780.0,90.0,45.0,45.0,15.0,0.0,10.0,350.0,180.0,165.0
223,2021A00034616,30.0,10.0,30.0,5570.0,2665.0,2905.0,0.0,0.0,0.0,0.0,0.0,0.0,0.0,0.0,0.0,3610.0,1950.0,1665.0,70.0,30.0,35.0,0.0,0.0,0.0,520.0,235.0,275.0
224,2021A00034617,20.0,0.0,0.0,12320.0,5735.0,6580.0,40.0,20.0,20.0,60.0,30.0,30.0,60.0,45.0,20.0,8645.0,4535.0,4115.0,100.0,30.0,75.0,60.0,30.0,30.0,235.0,110.0,125.0
225,2021A00034618,30.0,15.0,15.0,13985.0,6645.0,7345.0,30.0,15.0,10.0,70.0,35.0,35.0,95.0,55.0,40.0,11225.0,6120.0,5105.0,315.0,140.0,175.0,15.0,0.0,10.0,275.0,125.0,150.0
226,2021A00034619,0.0,0.0,0.0,6530.0,3255.0,3275.0,0.0,0.0,0.0,10.0,0.0,0.0,0.0,0.0,0.0,6990.0,3585.0,3405.0,120.0,70.0,50.0,0.0,0.0,0.0,1575.0,745.0,830.0
227,2021A00034620,0.0,0.0,0.0,5380.0,2535.0,2840.0,60.0,40.0,20.0,0.0,0.0,0.0,0.0,0.0,0.0,3915.0,2090.0,1825.0,70.0,40.0,30.0,20.0,0.0,20.0,40.0,15.0,30.0
228,2021A00034621,10.0,0.0,0.0,10445.0,4960.0,5485.0,170.0,120.0,50.0,10.0,10.0,10.0,85.0,45.0,45.0,10020.0,5245.0,4775.0,150.0,70.0,85.0,90.0,50.0,35.0,435.0,235.0,205.0
229,2021A00034622,0.0,0.0,0.0,23490.0,11630.0,11860.0,660.0,340.0,325.0,0.0,0.0,0.0,140.0,75.0,65.0,15650.0,8045.0,7610.0,235.0,105.0,130.0,400.0,220.0,180.0,1395.0,700.0,690.0
230,2021A00034623,0.0,0.0,0.0,2670.0,1325.0,1340.0,0.0,0.0,0.0,0.0,0.0,0.0,0.0,0.0,0.0,1885.0,1020.0,855.0,0.0,0.0,0.0,25.0,10.0,20.0,60.0,25.0,35.0
231,2021A00034701,15.0,0.0,10.0,17965.0,8730.0,9235.0,60.0,45.0,20.0,0.0,0.0,0.0,90.0,60.0,35.0,11220.0,6070.0,5145.0,155.0,85.0,70.0,35.0,25.0,15.0,255.0,120.0,130.0
232,2021A00034702,30.0,10.0,20.0,13470.0,6515.0,6955.0,185.0,105.0,80.0,20.0,10.0,10.0,95.0,60.0,40.0,8010.0,4305.0,3705.0,85.0,20.0,65.0,55.0,30.0,30.0,0.0,0.0,0.0
233,2021A00034703,15.0,10.0,0.0,7620.0,3805.0,3815.0,50.0,20.0,35.0,0.0,0.0,0.0,25.0,15.0,15.0,3795.0,2055.0,1735.0,40.0,20.0,15.0,30.0,15.0,10.0,10.0,0.0,10.0
234,2021A00034704,25.0,20.0,0.0,5510.0,2605.0,2905.0,30.0,25.0,0.0,0.0,0.0,0.0,0.0,0.0,0.0,3535.0,1995.0,1545.0,90.0,35.0,55.0,0.0,0.0,0.0,95.0,40.0,60.0
235,2021A00034705,45.0,15.0,30.0,18990.0,9070.0,9920.0,90.0,65.0,30.0,20.0,0.0,20.0,55.0,40.0,20.0,10665.0,5860.0,4805.0,230.0,105.0,125.0,85.0,35.0,50.0,705.0,360.0,345.0
236,2021A00034706,1815.0,870.0,945.0,145570.0,68540.0,77030.0,6600.0,3500.0,3100.0,370.0,220.0,155.0,10460.0,5295.0,5175.0,97990.0,51925.0,46070.0,1820.0,820.0,1000.0,4450.0,2310.0,2140.0,2725.0,1220.0,1505.0
237,2021A00034707,125.0,50.0,70.0,25915.0,12040.0,13875.0,330.0,255.0,75.0,10.0,10.0,0.0,225.0,100.0,120.0,18490.0,10125.0,8370.0,330.0,150.0,185.0,115.0,65.0,45.0,75.0,40.0,35.0
238,2021A00034708,35.0,15.0,20.0,18090.0,8560.0,9530.0,195.0,100.0,90.0,0.0,0.0,0.0,90.0,55.0,35.0,10145.0,5590.0,4555.0,140.0,70.0,65.0,75.0,50.0,25.0,40.0,25.0,15.0
239,2021A00034709,15.0,0.0,15.0,21580.0,10235.0,11340.0,365.0,210.0,155.0,0.0,0.0,0.0,190.0,110.0,85.0,12070.0,6560.0,5510.0,265.0,115.0,150.0,130.0,60.0,70.0,630.0,320.0,315.0
240,2021A00034710,20.0,0.0,15.0,8805.0,4325.0,4480.0,20.0,10.0,10.0,0.0,0.0,0.0,25.0,15.0,10.0,6180.0,3365.0,2815.0,85.0,35.0,45.0,0.0,0.0,0.0,865.0,415.0,445.0
241,2021A00034711,2005.0,930.0,1080.0,170075.0,79075.0,91000.0,5250.0,2960.0,2290.0,585.0,290.0,295.0,13060.0,6940.0,6120.0,120920.0,64260.0,56660.0,2335.0,940.0,1400.0,3430.0,1805.0,1630.0,1880.0,775.0,1105.0
242,2021A00034712,20.0,20.0,0.0,12930.0,6100.0,6830.0,40.0,25.0,20.0,15.0,10.0,0.0,75.0,30.0,40.0,8145.0,4565.0,3575.0,175.0,60.0,115.0,25.0,10.0,15.0,350.0,190.0,160.0
243,2021A00034713,25.0,0.0,15.0,12580.0,6140.0,6435.0,95.0,50.0,45.0,0.0,0.0,0.0,60.0,25.0,30.0,7325.0,4085.0,3245.0,145.0,55.0,90.0,15.0,0.0,10.0,500.0,250.0,250.0
244,2021A00034714,0.0,0.0,0.0,19775.0,9325.0,10455.0,25.0,10.0,15.0,10.0,0.0,0.0,35.0,25.0,10.0,14110.0,7720.0,6385.0,125.0,60.0,70.0,60.0,40.0,20.0,545.0,260.0,285.0
245,2021A00034715,90.0,50.0,40.0,54545.0,26290.0,28255.0,560.0,325.0,235.0,25.0,15.0,10.0,540.0,290.0,255.0,27590.0,14315.0,13270.0,390.0,165.0,225.0,265.0,135.0,130.0,1400.0,715.0,690.0
246,2021A00034716,65.0,45.0,20.0,20935.0,10005.0,10930.0,80.0,50.0,25.0,30.0,10.0,25.0,145.0,70.0,70.0,13505.0,7215.0,6285.0,315.0,140.0,175.0,120.0,45.0,70.0,1875.0,955.0,920.0
247,2021A00034717,50.0,20.0,30.0,23350.0,11160.0,12190.0,145.0,95.0,55.0,0.0,0.0,0.0,235.0,150.0,85.0,19680.0,10435.0,9245.0,490.0,220.0,270.0,95.0,45.0,50.0,3130.0,1545.0,1585.0
248,2021A00034718,15.0,15.0,10.0,23550.0,11480.0,12070.0,35.0,20.0,10.0,0.0,0.0,0.0,40.0,20.0,20.0,10585.0,5440.0,5150.0,325.0,145.0,175.0,35.0,20.0,15.0,1235.0,605.0,635.0
249,2021A00034801,405.0,175.0,230.0,43830.0,20725.0,23105.0,320.0,190.0,130.0,55.0,20.0,30.0,1000.0,530.0,465.0,32890.0,17295.0,15595.0,670.0,285.0,385.0,405.0,190.0,210.0,65.0,30.0,35.0
250,2021A00034802,1455.0,730.0,725.0,98280.0,47290.0,50990.0,1415.0,755.0,660.0,145.0,75.0,75.0,3730.0,1930.0,1800.0,64370.0,34270.0,30105.0,980.0,405.0,575.0,355.0,190.0,165.0,435.0,210.0,230.0
251,2021A00034803,55.0,15.0,35.0,21860.0,10340.0,11520.0,10.0,10.0,0.0,10.0,0.0,0.0,0.0,0.0,0.0,12300.0,6565.0,5740.0,350.0,165.0,190.0,25.0,15.0,10.0,2230.0,1110.0,1125.0
252,2021A00034804,0.0,0.0,0.0,4780.0,2260.0,2520.0,0.0,0.0,0.0,0.0,0.0,0.0,0.0,0.0,0.0,3520.0,1950.0,1570.0,50.0,20.0,30.0,0.0,0.0,0.0,0.0,0.0,0.0
253,2021A00034805,70.0,30.0,40.0,27685.0,13370.0,14310.0,85.0,40.0,40.0,40.0,20.0,15.0,115.0,65.0,55.0,20410.0,10835.0,9575.0,330.0,145.0,185.0,125.0,70.0,55.0,1630.0,825.0,810.0
254,2021A00034806,22425.0,9955.0,12470.0,713465.0,336705.0,376760.0,35335.0,18180.0,17155.0,6820.0,3305.0,3515.0,101285.0,51675.0,49610.0,623560.0,328795.0,294765.0,11305.0,4775.0,6530.0,56230.0,28325.0,27905.0,1515.0,550.0,960.0
255,2021A00034807,45.0,15.0,35.0,22070.0,10615.0,11450.0,105.0,60.0,40.0,10.0,0.0,10.0,15.0,10.0,0.0,15705.0,8515.0,7190.0,135.0,80.0,60.0,0.0,0.0,0.0,10.0,0.0,10.0
256,2021A00034808,695.0,310.0,380.0,103815.0,48580.0,55240.0,1000.0,510.0,495.0,195.0,95.0,100.0,2220.0,1205.0,1015.0,95805.0,50655.0,45150.0,1475.0,545.0,930.0,395.0,155.0,235.0,2445.0,1265.0,1185.0
257,2021A00034809,40.0,20.0,20.0,8695.0,4030.0,4665.0,55.0,35.0,20.0,0.0,0.0,0.0,20.0,10.0,10.0,10320.0,5585.0,4740.0,210.0,95.0,120.0,20.0,10.0,0.0,800.0,400.0,400.0
258,2021A00034810,115.0,45.0,65.0,53925.0,25860.0,28065.0,495.0,270.0,225.0,45.0,15.0,30.0,590.0,345.0,245.0,35680.0,19110.0,16570.0,685.0,320.0,370.0,230.0,130.0,105.0,120.0,40.0,75.0
259,2021A00034811,16505.0,7395.0,9110.0,675800.0,317860.0,357940.0,35970.0,18385.0,17585.0,3835.0,1850.0,1985.0,86400.0,43895.0,42500.0,558725.0,297195.0,261535.0,13315.0,5940.0,7375.0,44485.0,22700.0,21785.0,5675.0,2685.0,2990.0
260,2021A00034812,90.0,70.0,25.0,35275.0,17095.0,18175.0,260.0,130.0,130.0,10.0,0.0,10.0,665.0,345.0,325.0,26900.0,14660.0,12245.0,665.0,265.0,395.0,100.0,60.0,45.0,2010.0,1070.0,945.0
261,2021A00034813,80.0,45.0,30.0,33800.0,16370.0,17425.0,150.0,90.0,60.0,10.0,0.0,0.0,245.0,115.0,130.0,31145.0,16815.0,14325.0,520.0,200.0,325.0,75.0,45.0,30.0,175.0,80.0,95.0
262,2021A00034814,15.0,0.0,10.0,12450.0,6045.0,6405.0,180.0,95.0,85.0,0.0,0.0,0.0,115.0,55.0,60.0,15145.0,8280.0,6865.0,175.0,50.0,125.0,85.0,35.0,55.0,55.0,35.0,20.0
263,2021A00034815,195.0,65.0,130.0,13260.0,6285.0,6975.0,255.0,140.0,115.0,90.0,40.0,50.0,175.0,125.0,50.0,19620.0,10375.0,9245.0,285.0,115.0,170.0,115.0,65.0,50.0,35.0,25.0,15.0
264,2021A00034816,270.0,95.0,170.0,39685.0,19770.0,19915.0,2025.0,1090.0,935.0,20.0,10.0,10.0,4315.0,2380.0,1940.0,26590.0,14985.0,11610.0,470.0,225.0,240.0,305.0,180.0,130.0,320.0,165.0,155.0
265,2021A00034817,100.0,45.0,50.0,37885.0,18735.0,19150.0,150.0,85.0,65.0,10.0,10.0,0.0,345.0,195.0,150.0,20360.0,11010.0,9350.0,590.0,265.0,320.0,50.0,25.0,25.0,1580.0,820.0,765.0
266,2021A00034818,30.0,15.0,10.0,6090.0,2900.0,3190.0,10.0,0.0,0.0,20.0,10.0,10.0,20.0,20.0,0.0,6025.0,3325.0,2695.0,160.0,70.0,90.0,15.0,15.0,0.0,310.0,165.0,145.0
267,2021A00034819,255.0,110.0,145.0,57180.0,27615.0,29565.0,710.0,385.0,325.0,60.0,15.0,50.0,1260.0,715.0,545.0,56975.0,30430.0,26545.0,850.0,370.0,480.0,565.0,285.0,275.0,335.0,175.0,160.0
268,2021A00035901,255.0,90.0,160.0,24120.0,11060.0,13065.0,275.0,155.0,115.0,65.0,25.0,35.0,75.0,50.0,25.0,38600.0,20470.0,18130.0,510.0,210.0,305.0,375.0,210.0,165.0,140.0,55.0,90.0
269,2021A00035903,425.0,170.0,250.0,19745.0,8945.0,10805.0,200.0,100.0,95.0,265.0,105.0,160.0,85.0,40.0,45.0,39105.0,20595.0,18510.0,1050.0,450.0,605.0,230.0,90.0,140.0,75.0,30.0,45.0
270,2021A00035905,80.0,25.0,55.0,11995.0,5485.0,6510.0,140.0,90.0,45.0,80.0,65.0,20.0,45.0,10.0,35.0,19520.0,10355.0,9165.0,375.0,150.0,230.0,145.0,80.0,60.0,25.0,20.0,0.0
271,2021A00035907,260.0,100.0,160.0,35310.0,15650.0,19660.0,280.0,140.0,135.0,125.0,75.0,50.0,165.0,85.0,80.0,47805.0,24675.0,23125.0,610.0,210.0,400.0,2730.0,1335.0,1395.0,375.0,160.0,210.0
272,2021A00035909,1925.0,900.0,1025.0,126050.0,58265.0,67785.0,4680.0,2390.0,2295.0,305.0,155.0,150.0,3235.0,1705.0,1530.0,134040.0,70520.0,63520.0,2695.0,1120.0,1575.0,43710.0,22060.0,21650.0,1030.0,520.0,505.0
273,2021A00035915,70670.0,29515.0,41150.0,863055.0,394875.0,468180.0,66530.0,34220.0,32315.0,20125.0,9720.0,10400.0,110645.0,55325.0,55320.0,1227760.0,631445.0,596315.0,24205.0,10245.0,13960.0,222160.0,111055.0,111110.0,1865.0,850.0,1015.0
274,2021A00035917,4395.0,1860.0,2540.0,131645.0,58255.0,73390.0,3120.0,1690.0,1430.0,2920.0,1395.0,1525.0,4985.0,2630.0,2360.0,246680.0,125490.0,121185.0,6380.0,2535.0,3845.0,5165.0,2545.0,2620.0,780.0,330.0,445.0
275,2021A00035919,355.0,135.0,225.0,29440.0,13115.0,16325.0,190.0,110.0,85.0,195.0,105.0,90.0,210.0,110.0,105.0,53775.0,27755.0,26020.0,1300.0,485.0,810.0,545.0,275.0,270.0,1315.0,625.0,695.0
276,2021A00035921,950.0,335.0,610.0,56375.0,24660.0,31715.0,850.0,435.0,415.0,460.0,230.0,235.0,1065.0,500.0,565.0,102145.0,52545.0,49600.0,2235.0,830.0,1400.0,1400.0,680.0,720.0,685.0,330.0,355.0
277,2021A00035923,165.0,60.0,100.0,9255.0,4155.0,5100.0,140.0,80.0,65.0,85.0,30.0,50.0,100.0,40.0,60.0,21700.0,11270.0,10425.0,430.0,165.0,260.0,225.0,115.0,110.0,590.0,285.0,305.0
278,2021A00035924,230.0,100.0,125.0,14645.0,6585.0,8060.0,175.0,75.0,100.0,90.0,45.0,45.0,65.0,35.0,30.0,31040.0,16245.0,14790.0,715.0,290.0,425.0,200.0,95.0,105.0,120.0,50.0,70.0
279,2021A00035926,295.0,105.0,185.0,23205.0,10140.0,13065.0,160.0,85.0,75.0,195.0,70.0,125.0,160.0,80.0,85.0,45675.0,23415.0,22260.0,1115.0,360.0,760.0,215.0,95.0,120.0,95.0,40.0,55.0
280,2021A00035927,105.0,40.0,55.0,7205.0,3235.0,3970.0,75.0,40.0,30.0,45.0,20.0,20.0,25.0,10.0,15.0,13280.0,6915.0,6365.0,240.0,95.0,140.0,35.0,10.0,25.0,60.0,30.0,35.0
281,2021A00035929,420.0,175.0,245.0,10335.0,4535.0,5805.0,65.0,30.0,35.0,215.0,115.0,105.0,115.0,60.0,55.0,19630.0,10015.0,9610.0,480.0,190.0,290.0,190.0,60.0,130.0,55.0,25.0,35.0
282,2021A00035931,160.0,65.0,100.0,11240.0,5305.0,5935.0,125.0,75.0,50.0,310.0,160.0,150.0,250.0,150.0,100.0,34995.0,18695.0,16300.0,730.0,285.0,445.0,1290.0,630.0,660.0,510.0,250.0,260.0
283,2021A00035933,570.0,240.0,325.0,46415.0,20925.0,25490.0,1115.0,605.0,510.0,105.0,60.0,50.0,960.0,530.0,430.0,85280.0,44490.0,40790.0,1510.0,595.0,915.0,2330.0,1300.0,1035.0,975.0,475.0,500.0
284,2021A00035935,1150.0,490.0,660.0,88190.0,39615.0,48580.0,1275.0,670.0,605.0,725.0,370.0,350.0,1760.0,970.0,790.0,118945.0,61795.0,57145.0,2100.0,820.0,1275.0,4200.0,2050.0,2155.0,190.0,95.0,95.0
285,2021A00035937,305.0,130.0,175.0,36230.0,16360.0,19870.0,245.0,125.0,120.0,140.0,70.0,70.0,450.0,240.0,210.0,50600.0,26250.0,24350.0,850.0,275.0,575.0,520.0,230.0,290.0,160.0,70.0,95.0
286,2021A00035939,190.0,95.0,95.0,20670.0,9460.0,11210.0,85.0,50.0,35.0,30.0,15.0,15.0,200.0,120.0,80.0,33680.0,17830.0,15850.0,560.0,190.0,370.0,265.0,140.0,125.0,85.0,35.0,45.0
287,2021A00035941,125.0,40.0,85.0,20930.0,9525.0,11405.0,135.0,80.0,50.0,40.0,10.0,30.0,65.0,30.0,35.0,39080.0,20875.0,18200.0,680.0,280.0,405.0,645.0,335.0,315.0,480.0,225.0,260.0
288,2021A00035943,60.0,25.0,40.0,2755.0,1270.0,1490.0,0.0,0.0,0.0,15.0,15.0,0.0,30.0,10.0,15.0,7525.0,3950.0,3575.0,90.0,35.0,55.0,45.0,30.0,15.0,190.0,100.0,90.0
289,2021A00035945,15.0,15.0,10.0,880.0,420.0,455.0,0.0,0.0,0.0,0.0,0.0,0.0,10.0,0.0,10.0,2330.0,1245.0,1090.0,65.0,35.0,35.0,0.0,0.0,0.0,255.0,130.0,125.0
290,2021A00035947,220.0,105.0,110.0,5800.0,2675.0,3120.0,165.0,110.0,60.0,25.0,20.0,0.0,150.0,70.0,75.0,10860.0,5835.0,5030.0,180.0,80.0,100.0,415.0,215.0,200.0,175.0,80.0,100.0
291,2021A00035949,120.0,55.0,65.0,14665.0,7060.0,7605.0,190.0,120.0,75.0,50.0,10.0,40.0,160.0,120.0,35.0,20630.0,10945.0,9685.0,480.0,215.0,265.0,415.0,250.0,170.0,560.0,300.0,265.0
292,2021A00035951,70.0,30.0,40.0,16025.0,7770.0,8250.0,80.0,45.0,35.0,100.0,20.0,80.0,45.0,25.0,20.0,20125.0,10780.0,9345.0,420.0,185.0,235.0,200.0,130.0,65.0,235.0,125.0,110.0
293,2021A00035953,215.0,85.0,130.0,32805.0,15000.0,17805.0,640.0,350.0,290.0,90.0,55.0,35.0,555.0,270.0,280.0,57525.0,30280.0,27245.0,790.0,295.0,495.0,2480.0,1290.0,1185.0,195.0,95.0,105.0
294,2021A00035955,120.0,45.0,70.0,23925.0,11360.0,12570.0,370.0,195.0,175.0,40.0,20.0,20.0,305.0,170.0,135.0,34055.0,18390.0,15670.0,575.0,210.0,360.0,695.0,415.0,280.0,245.0,120.0,120.0
295,2021A00035957,0.0,0.0,0.0,235.0,125.0,110.0,0.0,0.0,0.0,0.0,0.0,0.0,0.0,0.0,0.0,355.0,195.0,160.0,25.0,15.0,10.0,0.0,0.0,0.0,35.0,15.0,15.0
296,2021A00035959,0.0,0.0,0.0,1705.0,870.0,840.0,0.0,0.0,0.0,0.0,0.0,0.0,0.0,0.0,0.0,2520.0,1315.0,1195.0,40.0,25.0,25.0,40.0,25.0,10.0,60.0,30.0,30.0
297,2021A00036001,260.0,110.0,150.0,13860.0,6425.0,7435.0,265.0,160.0,105.0,70.0,45.0,25.0,185.0,125.0,60.0,23640.0,12255.0,11385.0,600.0,240.0,360.0,380.0,185.0,200.0,325.0,165.0,160.0
298,2021A00036101,10.0,10.0,0.0,3900.0,1925.0,1980.0,20.0,10.0,0.0,10.0,0.0,10.0,75.0,45.0,30.0,1960.0,1005.0,955.0,60.0,30.0,30.0,0.0,0.0,0.0,65.0,30.0,35.0
299,2021A00036102,0.0,0.0,0.0,1550.0,810.0,740.0,10.0,0.0,0.0,0.0,0.0,0.0,0.0,0.0,0.0,650.0,360.0,285.0,20.0,10.0,15.0,0.0,0.0,0.0,20.0,10.0,10.0
300,2021A00036103,0.0,0.0,0.0,2110.0,1105.0,1010.0,10.0,10.0,10.0,0.0,0.0,0.0,10.0,10.0,0.0,470.0,250.0,220.0,15.0,10.0,10.0,0.0,0.0,0.0,15.0,0.0,10.0
301,2021A00036104,0.0,0.0,0.0,1530.0,790.0,740.0,0.0,0.0,0.0,0.0,0.0,0.0,10.0,0.0,10.0,1215.0,645.0,575.0,50.0,30.0,20.0,0.0,0.0,0.0,35.0,20.0,15.0
302,2021A00036105,15.0,10.0,10.0,3195.0,1565.0,1630.0,35.0,20.0,15.0,0.0,0.0,0.0,25.0,10.0,15.0,2755.0,1515.0,1240.0,60.0,30.0,30.0,0.0,0.0,0.0,85.0,30.0,60.0
303,2021A00036106,225.0,95.0,125.0,9985.0,4590.0,5395.0,130.0,65.0,65.0,35.0,20.0,15.0,615.0,375.0,240.0,9010.0,4795.0,4215.0,165.0,75.0,90.0,105.0,55.0,50.0,105.0,65.0,45.0
304,2021A00036204,10.0,10.0,10.0,13485.0,6755.0,6725.0,35.0,15.0,15.0,25.0,15.0,10.0,95.0,55.0,45.0,5370.0,2800.0,2570.0,110.0,55.0,55.0,0.0,0.0,0.0,90.0,35.0,55.0
305,2021A00036205,0.0,0.0,0.0,9020.0,4495.0,4520.0,15.0,10.0,0.0,0.0,0.0,0.0,30.0,15.0,15.0,1855.0,1030.0,825.0,15.0,10.0,15.0,0.0,0.0,0.0,25.0,15.0,10.0
306,2021A00036208,0.0,0.0,0.0,4415.0,2255.0,2160.0,10.0,0.0,0.0,10.0,0.0,0.0,10.0,0.0,10.0,1890.0,955.0,930.0,0.0,0.0,0.0,0.0,0.0,0.0,65.0,30.0,30.0
